INSERT INTO CARGO (CARGO_ID, CARGO_NAME) VALUES(1, 'Programador Java');
INSERT INTO CARGO (CARGO_ID, CARGO_NAME) VALUES(2, 'Recrutamento e Seleção');

INSERT INTO DEPARTAMENTO (DEPARTAMENTO_ID , DEPARTAMENTO_NAME) VALUES(1, 'TI');
INSERT INTO DEPARTAMENTO (DEPARTAMENTO_ID , DEPARTAMENTO_NAME) VALUES(2, 'RH');

INSERT INTO FUNCIONARIO  (FUNCIONARIO_ID, FUNCIONARIO_BIRTHDAY, FUNCIONARIO_DOCUMENT, FUNCIONARIO_AGE, FUNCIONARIO_NAME, CARGO_ID) VALUES(1, 20000101, '465123154', 20, 'Anderson Almeida', 1);
INSERT INTO FUNCIONARIO  (FUNCIONARIO_ID, FUNCIONARIO_BIRTHDAY, FUNCIONARIO_DOCUMENT, FUNCIONARIO_AGE, FUNCIONARIO_NAME, CARGO_ID) VALUES(2, 19890314, '413480562', 55, 'José Silva', 1);
INSERT INTO FUNCIONARIO  (FUNCIONARIO_ID, FUNCIONARIO_BIRTHDAY, FUNCIONARIO_DOCUMENT, FUNCIONARIO_AGE, FUNCIONARIO_NAME, CARGO_ID) VALUES(3, 19930925, '714567835', 37, 'Marina Leite', 1);
INSERT INTO FUNCIONARIO  (FUNCIONARIO_ID, FUNCIONARIO_BIRTHDAY, FUNCIONARIO_DOCUMENT, FUNCIONARIO_AGE, FUNCIONARIO_NAME, CARGO_ID) VALUES(4, 19700102, '789413458', 18, 'Claudia Santos', 2);
INSERT INTO FUNCIONARIO  (FUNCIONARIO_ID, FUNCIONARIO_BIRTHDAY, FUNCIONARIO_DOCUMENT, FUNCIONARIO_AGE, FUNCIONARIO_NAME, CARGO_ID) VALUES(5, 19900527, '965771524', 23, 'Lucia Oliveira', 2);
INSERT INTO FUNCIONARIO  (FUNCIONARIO_ID, FUNCIONARIO_BIRTHDAY, FUNCIONARIO_DOCUMENT, FUNCIONARIO_AGE, FUNCIONARIO_NAME, CARGO_ID) VALUES(6, 19940701, '852545825', 39, 'Caue Oliveira', 2);

INSERT INTO FUNCIONARIO_DEPARTAMENTO  (DEPARTAMENTO_ID, FUNCIONARIO_ID) VALUES(1, 1);
INSERT INTO FUNCIONARIO_DEPARTAMENTO  (DEPARTAMENTO_ID, FUNCIONARIO_ID) VALUES(1, 2);
INSERT INTO FUNCIONARIO_DEPARTAMENTO  (DEPARTAMENTO_ID, FUNCIONARIO_ID) VALUES(1, 3);
INSERT INTO FUNCIONARIO_DEPARTAMENTO  (DEPARTAMENTO_ID, FUNCIONARIO_ID) VALUES(2, 4);
INSERT INTO FUNCIONARIO_DEPARTAMENTO  (DEPARTAMENTO_ID, FUNCIONARIO_ID) VALUES(2, 5);
INSERT INTO FUNCIONARIO_DEPARTAMENTO  (DEPARTAMENTO_ID, FUNCIONARIO_ID) VALUES(2, 6);

CREATE TRIGGER HISTORICO_FUNCIONARIO
BEFORE DELETE
ON FUNCIONARIO_DEPARTAMENTO
FOR EACH ROW
CALL "br.com.cardif.trigger.TriggerHistFuncDepart"



